Database Index,Point Type,Point ID,Description,Unit,Displayed Digits,Low Warning,High Warning,Low Alarm,High Alarm,Low Limit,High Limit,Engineering Units,Compression Limit,Exception Limit,Compression Max Time,Compression Min Time,Set Description,Clear Description,Alarm State,Record Security Level,Access Security Level,Archived,Step Check,Scan Rate,Synonym 1,Synonym 2,Plant ID,System,Data Source ID,Remarks,Alarm Enabled,Notify by Email,Notify by Pager,Notify by Phone,Log to File,Alarm Notification Email Address(s),Alarm Notification Pager ID(s),Alarm Notification Phone no.
1,0,CO_0001A,CORD:Cordova Bus 2 Voltage (Mag),1,2,-1.00E+07,1.00E+07,-1.00E+07,1.00E+07,-1.00E+07,1.00E+07,MAG,2.00E+00,0,3600,0,,,,5,0,1,0,1,,,CO,PD,1,,0,0,0,0,0,,,
2,0,CO_0002A,CORD:Cordova Bus 2 Voltage (Phs),1,2,-1.00E+07,1.00E+07,-1.00E+07,1.00E+07,-1.00E+07,1.00E+07,MAG,2.00E+00,0,3600,0,,,,5,0,1,0,1,,,CO,PD,1,,0,0,0,0,0,,,
3,0,CO_0003A,CORD:Cordova Bus 1 Voltage (Mag),1,2,-1.00E+07,1.00E+07,-1.00E+07,1.00E+07,-1.00E+07,1.00E+07,MAG,2.00E+00,0,3600,0,,,,5,0,1,0,1,,,CO,PD,1,,0,0,0,0,0,,,
4,0,CO_0004A,CORD:Cordova Bus 1 Voltage (Phs),1,2,-1.00E+07,1.00E+07,-1.00E+07,1.00E+07,-1.00E+07,1.00E+07,MAG,2.00E+00,0,3600,0,,,,5,0,1,0,1,,,CO,PD,1,,0,0,0,0,0,,,
5,0,CO_0005A,CORD:Cordova-Haywood (Mag),1,2,-1.00E+07,1.00E+07,-1.00E+07,1.00E+07,-1.00E+07,1.00E+07,MAG,2.00E+00,0,3600,0,,,,5,0,1,0,1,,,CO,PD,1,,0,0,0,0,0,,,
6,0,CO_0006A,CORD:Cordova-Haywood (Phs),1,2,-1.00E+07,1.00E+07,-1.00E+07,1.00E+07,-1.00E+07,1.00E+07,MAG,2.00E+00,0,3600,0,,,,5,0,1,0,1,,,CO,PD,1,,0,0,0,0,0,,,
7,0,CO_0007A,CORD:Cordova-Shelby (Mag),1,2,-1.00E+07,1.00E+07,-1.00E+07,1.00E+07,-1.00E+07,1.00E+07,MAG,2.00E+00,0,3600,0,,,,5,0,1,0,1,,,CO,PD,1,,0,0,0,0,0,,,
8,0,CO_0008A,CORD:Cordova-Shelby (Phs),1,2,-1.00E+07,1.00E+07,-1.00E+07,1.00E+07,-1.00E+07,1.00E+07,MAG,2.00E+00,0,3600,0,,,,5,0,1,0,1,,,CO,PD,1,,0,0,0,0,0,,,
9,0,CO_0009A,CORD:Cordova-Benton (Mag),1,2,-1.00E+07,1.00E+07,-1.00E+07,1.00E+07,-1.00E+07,1.00E+07,MAG,2.00E+00,0,3600,0,,,,5,0,1,0,1,,,CO,PD,1,,0,0,0,0,0,,,
10,0,CO_0010A,CORD:Cordova-Benton (Phs),1,2,-1.00E+07,1.00E+07,-1.00E+07,1.00E+07,-1.00E+07,1.00E+07,MAG,2.00E+00,0,3600,0,,,,5,0,1,0,1,,,CO,PD,1,,0,0,0,0,0,,,
11,0,CO_0011A,CORD:Cordova-Freeport (Mag),1,2,-1.00E+07,1.00E+07,-1.00E+07,1.00E+07,-1.00E+07,1.00E+07,MAG,2.00E+00,0,3600,0,,,,5,0,1,0,1,,,CO,PD,1,,0,0,0,0,0,,,
12,0,CO_0012A,CORD:Cordova-Freeport (Phs),1,2,-1.00E+07,1.00E+07,-1.00E+07,1.00E+07,-1.00E+07,1.00E+07,MAG,2.00E+00,0,3600,0,,,,5,0,1,0,1,,,CO,PD,1,,0,0,0,0,0,,,
13,0,CO_0013A,CORD:Cordova Freq,1,2,-1.00E+07,1.00E+07,-1.00E+07,1.00E+07,-1.00E+07,1.00E+07,MAG,2.00E+00,0,3600,0,,,,5,0,1,0,1,,,CO,PD,1,,0,0,0,0,0,,,
14,0,CO_0014A,CORD:Cordova-Haywood (MW),1,2,-1.00E+07,1.00E+07,-1.00E+07,1.00E+07,-1.00E+07,1.00E+07,MAG,2.00E+00,0,3600,0,,,,5,0,1,0,1,,,CO,PD,1,,0,0,0,0,0,,,
15,0,CO_0015A,CORD:Cordova-Haywood (MVAR),1,2,-1.00E+07,1.00E+07,-1.00E+07,1.00E+07,-1.00E+07,1.00E+07,MAG,2.00E+00,0,3600,0,,,,5,0,1,0,1,,,CO,PD,1,,0,0,0,0,0,,,
16,0,CO_0016A,CORD:Cordova-Shelby (MW),1,2,-1.00E+07,1.00E+07,-1.00E+07,1.00E+07,-1.00E+07,1.00E+07,MAG,2.00E+00,0,3600,0,,,,5,0,1,0,1,,,CO,PD,1,,0,0,0,0,0
17,0,CO_0017A,CORD:Cordova-Shelby (MVAR),1,2,-1.00E+07,1.00E+07,-1.00E+07,1.00E+07,-1.00E+07,1.00E+07,MAG,2.00E+00,0,3600,0,,,,5,0,1,0,1,,,CO,PD,1,,0,0,0,0,0
18,0,CO_0018A,CORD:Cordova-Benton (MW),1,2,-1.00E+07,1.00E+07,-1.00E+07,1.00E+07,-1.00E+07,1.00E+07,MAG,2.00E+00,0,3600,0,,,,5,0,1,0,1,,,CO,PD,1,,0,0,0,0,0
19,0,CO_0019A,CORD:Cordova-Benton (MVAR),1,2,-1.00E+07,1.00E+07,-1.00E+07,1.00E+07,-1.00E+07,1.00E+07,MAG,2.00E+00,0,3600,0,,,,5,0,1,0,1,,,CO,PD,1,,0,0,0,0,0
20,0,CO_0020A,CORD:Cordova-Freeport (MW),1,2,-1.00E+07,1.00E+07,-1.00E+07,1.00E+07,-1.00E+07,1.00E+07,MAG,2.00E+00,0,3600,0,,,,5,0,1,0,1,,,CO,PD,1,,0,0,0,0,0
21,0,CO_0021A,CORD:Cordova-Freeport (MVAR),1,2,-1.00E+07,1.00E+07,-1.00E+07,1.00E+07,-1.00E+07,1.00E+07,MAG,2.00E+00,0,3600,0,,,,5,0,1,0,1,,,CO,PD,1,,0,0,0,0,0
22,1,CO_0001D,CORD:Channel Flag (H),1,,,,,,,,,,,3600,0,SET,CLEAR,0,5,0,1,0,1,,,CO,PD,1,,0,0,0,0,0
23,1,CO_0002D,CORD:Channel Flag (L),1,,,,,,,,,,,3600,0,SET,CLEAR,0,5,0,1,0,1,,,CO,PD,1,,0,0,0,0,0
24,1,CO_0003D,CORD:PMU 0 Status Bytes,1,,,,,,,,,,,3600,0,SET,CLEAR,0,5,0,1,0,1,,,CO,PD,1,,0,0,0,0,0
25,1,CO_0004D,CORD:Digital 0,1,,,,,,,,,,,3600,0,SET,CLEAR,0,5,0,1,0,1,,,CO,PD,1,,0,0,0,0,0
26,1,CO_0005D,CORD:Digital 1,1,,,,,,,,,,,3600,0,SET,CLEAR,0,5,0,1,0,1,,,CO,PD,1,,0,0,0,0,0
27,0,SH_0001A,SHEL:Shelby Bus 1 (Mag),1,2,-1.00E+07,1.00E+07,-1.00E+07,1.00E+07,-1.00E+07,1.00E+07,MAG,2.00E+00,0,3600,0,,,,5,0,1,0,1,,,SH,PD,1,,0,0,0,0,0
28,0,SH_0002A,SHEL:Shelby Bus 1 (Phs),1,2,-1.00E+07,1.00E+07,-1.00E+07,1.00E+07,-1.00E+07,1.00E+07,MAG,2.00E+00,0,3600,0,,,,5,0,1,0,1,,,SH,PD,1,,0,0,0,0,0
29,0,SH_0003A,SHEL:Shelby Bus 2 (Mag),1,2,-1.00E+07,1.00E+07,-1.00E+07,1.00E+07,-1.00E+07,1.00E+07,MAG,2.00E+00,0,3600,0,,,,5,0,1,0,1,,,SH,PD,1,,0,0,0,0,0
30,0,SH_0004A,SHEL:Shelby Bus 2 (Phs),1,2,-1.00E+07,1.00E+07,-1.00E+07,1.00E+07,-1.00E+07,1.00E+07,MAG,2.00E+00,0,3600,0,,,,5,0,1,0,1,,,SH,PD,1,,0,0,0,0,0
31,0,SH_0005A,SHEL:Cordova (Mag),1,2,-1.00E+07,1.00E+07,-1.00E+07,1.00E+07,-1.00E+07,1.00E+07,MAG,2.00E+00,0,3600,0,,,,5,0,1,0,1,,,SH,PD,1,,0,0,0,0,0
32,0,SH_0006A,SHEL:Cordova (Phs),1,2,-1.00E+07,1.00E+07,-1.00E+07,1.00E+07,-1.00E+07,1.00E+07,MAG,2.00E+00,0,3600,0,,,,5,0,1,0,1,,,SH,PD,1,,0,0,0,0,0
33,0,SH_0007A,SHEL:Dell (Mag),1,2,-1.00E+07,1.00E+07,-1.00E+07,1.00E+07,-1.00E+07,1.00E+07,MAG,2.00E+00,0,3600,0,,,,5,0,1,0,1,,,SH,PD,1,,0,0,0,0,0
34,0,SH_0008A,SHEL:Dell (Phs),1,2,-1.00E+07,1.00E+07,-1.00E+07,1.00E+07,-1.00E+07,1.00E+07,MAG,2.00E+00,0,3600,0,,,,5,0,1,0,1,,,SH,PD,1,,0,0,0,0,0
35,0,SH_0009A,SHEL:Lagoon Creek (Mag),1,2,-1.00E+07,1.00E+07,-1.00E+07,1.00E+07,-1.00E+07,1.00E+07,MAG,2.00E+00,0,3600,0,,,,5,0,1,0,1,,,SH,PD,1,,0,0,0,0,0
36,0,SH_0010A,SHEL:Lagoon Creek (Phs),1,2,-1.00E+07,1.00E+07,-1.00E+07,1.00E+07,-1.00E+07,1.00E+07,MAG,2.00E+00,0,3600,0,,,,5,0,1,0,1,,,SH,PD,1,,0,0,0,0,0
37,0,SH_0011A,SHEL:Shelby Freq,1,2,-1.00E+07,1.00E+07,-1.00E+07,1.00E+07,-1.00E+07,1.00E+07,MAG,2.00E+00,0,3600,0,,,,5,0,1,0,1,,,SH,PD,1,,0,0,0,0,0
38,0,SH_0012A,SHEL:Cordova (MW),1,2,-1.00E+07,1.00E+07,-1.00E+07,1.00E+07,-1.00E+07,1.00E+07,MAG,2.00E+00,0,3600,0,,,,5,0,1,0,1,,,SH,PD,1,,0,0,0,0,0
39,0,SH_0013A,SHEL:Cordova (MVAR),1,2,-1.00E+07,1.00E+07,-1.00E+07,1.00E+07,-1.00E+07,1.00E+07,MAG,2.00E+00,0,3600,0,,,,5,0,1,0,1,,,SH,PD,1,,0,0,0,0,0
40,0,SH_0014A,SHEL:Dell (MW),1,2,-1.00E+07,1.00E+07,-1.00E+07,1.00E+07,-1.00E+07,1.00E+07,MAG,2.00E+00,0,3600,0,,,,5,0,1,0,1,,,SH,PD,1,,0,0,0,0,0
41,0,SH_0015A,SHEL:Dell (MVAR),1,2,-1.00E+07,1.00E+07,-1.00E+07,1.00E+07,-1.00E+07,1.00E+07,MAG,2.00E+00,0,3600,0,,,,5,0,1,0,1,,,SH,PD,1,,0,0,0,0,0
42,0,SH_0016A,SHEL:Lagoon Creek (MW),1,2,-1.00E+07,1.00E+07,-1.00E+07,1.00E+07,-1.00E+07,1.00E+07,MAG,2.00E+00,0,3600,0,,,,5,0,1,0,1,,,SH,PD,1,,0,0,0,0,0
43,0,SH_0017A,SHEL:Lagoon Creek (MVAR),1,2,-1.00E+07,1.00E+07,-1.00E+07,1.00E+07,-1.00E+07,1.00E+07,MAG,2.00E+00,0,3600,0,,,,5,0,1,0,1,,,SH,PD,1,,0,0,0,0,0
44,1,SH_0001D,SHEL:Channel Flag (H),1,,,,,,,,,,,3600,0,SET,CLEAR,0,5,0,1,0,1,,,SH,PD,1,,0,0,0,0,0
45,1,SH_0002D,SHEL:Channel Flag (L),1,,,,,,,,,,,3600,0,SET,CLEAR,0,5,0,1,0,1,,,SH,PD,1,,0,0,0,0,0
46,1,SH_0003D,SHEL:PMU 0 Status Bytes,1,,,,,,,,,,,3600,0,SET,CLEAR,0,5,0,1,0,1,,,SH,PD,1,,0,0,0,0,0
47,1,SH_0004D,SHEL:Digital 0,1,,,,,,,,,,,3600,0,SET,CLEAR,0,5,0,1,0,1,,,SH,PD,1,,0,0,0,0,0
48,1,SH_0005D,SHEL:Digital 1,1,,,,,,,,,,,3600,0,SET,CLEAR,0,5,0,1,0,1,,,SH,PD,1,,0,0,0,0,0
49,0,FR_0001A,FREE:FreePort Bus 1 (Mag),1,2,-1.00E+07,1.00E+07,-1.00E+07,1.00E+07,-1.00E+07,1.00E+07,MAG,2.00E+00,0,3600,0,,,,5,0,1,0,1,,,FR,PD,1,,0,0,0,0,0
50,0,FR_0002A,FREE:FreePort Bus 1 (Phs),1,2,-1.00E+07,1.00E+07,-1.00E+07,1.00E+07,-1.00E+07,1.00E+07,MAG,2.00E+00,0,3600,0,,,,5,0,1,0,1,,,FR,PD,1,,0,0,0,0,0
51,0,FR_0003A,FREE:Freeport Bus 2 (Mag),1,2,-1.00E+07,1.00E+07,-1.00E+07,1.00E+07,-1.00E+07,1.00E+07,MAG,2.00E+00,0,3600,0,,,,5,0,1,0,1,,,FR,PD,1,,0,0,0,0,0
52,0,FR_0004A,FREE:Freeport Bus 2 (Phs),1,2,-1.00E+07,1.00E+07,-1.00E+07,1.00E+07,-1.00E+07,1.00E+07,MAG,2.00E+00,0,3600,0,,,,5,0,1,0,1,,,FR,PD,1,,0,0,0,0,0
53,0,FR_0005A,FREE:Cordova (Mag),1,2,-1.00E+07,1.00E+07,-1.00E+07,1.00E+07,-1.00E+07,1.00E+07,MAG,2.00E+00,0,3600,0,,,,5,0,1,0,1,,,FR,PD,1,,0,0,0,0,0
54,0,FR_0006A,FREE:Cordova (Phs),1,2,-1.00E+07,1.00E+07,-1.00E+07,1.00E+07,-1.00E+07,1.00E+07,MAG,2.00E+00,0,3600,0,,,,5,0,1,0,1,,,FR,PD,1,,0,0,0,0,0
55,0,FR_0007A,FREE:FreePort Freq,1,2,-1.00E+07,1.00E+07,-1.00E+07,1.00E+07,-1.00E+07,1.00E+07,MAG,2.00E+00,0,3600,0,,,,5,0,1,0,1,,,FR,PD,1,,0,0,0,0,0
56,0,FR_0008A,FREE:Cordova (MW),1,2,-1.00E+07,1.00E+07,-1.00E+07,1.00E+07,-1.00E+07,1.00E+07,MAG,2.00E+00,0,3600,0,,,,5,0,1,0,1,,,FR,PD,1,,0,0,0,0,0
57,0,FR_0009A,FREE:Cordova (MVAR),1,2,-1.00E+07,1.00E+07,-1.00E+07,1.00E+07,-1.00E+07,1.00E+07,MAG,2.00E+00,0,3600,0,,,,5,0,1,0,1,,,FR,PD,1,,0,0,0,0,0
58,1,FR_0001D,FREE:Channel Flag (H),1,,,,,,,,,,,3600,0,SET,CLEAR,0,5,0,1,0,1,,,FR,PD,1,,0,0,0,0,0
59,1,FR_0002D,FREE:Channel Flag (L),1,,,,,,,,,,,3600,0,SET,CLEAR,0,5,0,1,0,1,,,FR,PD,1,,0,0,0,0,0
60,1,FR_0003D,FREE:PMU 0 Status Bytes,1,,,,,,,,,,,3600,0,SET,CLEAR,0,5,0,1,0,1,,,FR,PD,1,,0,0,0,0,0
61,1,FR_0004D,FREE:Digital 0,1,,,,,,,,,,,3600,0,SET,CLEAR,0,5,0,1,0,1,,,FR,PD,1,,0,0,0,0,0
62,1,FR_0005D,FREE:Digital 1,1,,,,,,,,,,,3600,0,SET,CLEAR,0,5,0,1,0,1,,,FR,PD,1,,0,0,0,0,0
63,0,VO_0001A,VOLU:Volunteer Bus 1 (Mag),1,2,-1.00E+07,1.00E+07,-1.00E+07,1.00E+07,-1.00E+07,1.00E+07,MAG,2.00E+00,0,3600,0,,,,5,0,1,0,1,,,VO,PD,1,,0,0,0,0,0
64,0,VO_0002A,VOLU:Volunteer Bus 1 (Phs),1,2,-1.00E+07,1.00E+07,-1.00E+07,1.00E+07,-1.00E+07,1.00E+07,MAG,2.00E+00,0,3600,0,,,,5,0,1,0,1,,,VO,PD,1,,0,0,0,0,0
65,0,VO_0003A,VOLU:Volunteer Bus 2 (Mag),1,2,-1.00E+07,1.00E+07,-1.00E+07,1.00E+07,-1.00E+07,1.00E+07,MAG,2.00E+00,0,3600,0,,,,5,0,1,0,1,,,VO,PD,1,,0,0,0,0,0
66,0,VO_0004A,VOLU:Volunteer Bus 2 (Phs),1,2,-1.00E+07,1.00E+07,-1.00E+07,1.00E+07,-1.00E+07,1.00E+07,MAG,2.00E+00,0,3600,0,,,,5,0,1,0,1,,,VO,PD,1,,0,0,0,0,0
67,0,VO_0005A,VOLU:Bull Run (Mag),1,2,-1.00E+07,1.00E+07,-1.00E+07,1.00E+07,-1.00E+07,1.00E+07,MAG,2.00E+00,0,3600,0,,,,5,0,1,0,1,,,VO,PD,1,,0,0,0,0,0
68,0,VO_0006A,VOLU:Bull Run (Phs),1,2,-1.00E+07,1.00E+07,-1.00E+07,1.00E+07,-1.00E+07,1.00E+07,MAG,2.00E+00,0,3600,0,,,,5,0,1,0,1,,,VO,PD,1,,0,0,0,0,0
69,0,VO_0007A,VOLU:Phillips Bend (Mag),1,2,-1.00E+07,1.00E+07,-1.00E+07,1.00E+07,-1.00E+07,1.00E+07,MAG,2.00E+00,0,3600,0,,,,5,0,1,0,1,,,VO,PD,1,,0,0,0,0,0
70,0,VO_0008A,VOLU:Phillips Bend (Phs),1,2,-1.00E+07,1.00E+07,-1.00E+07,1.00E+07,-1.00E+07,1.00E+07,MAG,2.00E+00,0,3600,0,,,,5,0,1,0,1,,,VO,PD,1,,0,0,0,0,0
71,0,VO_0009A,VOLU:Watts Bar (Mag),1,2,-1.00E+07,1.00E+07,-1.00E+07,1.00E+07,-1.00E+07,1.00E+07,MAG,2.00E+00,0,3600,0,,,,5,0,1,0,1,,,VO,PD,1,,0,0,0,0,0
72,0,VO_0010A,VOLU:Watts Bar (Phs),1,2,-1.00E+07,1.00E+07,-1.00E+07,1.00E+07,-1.00E+07,1.00E+07,MAG,2.00E+00,0,3600,0,,,,5,0,1,0,1,,,VO,PD,1,,0,0,0,0,0
73,0,VO_0011A,VOLU:Watts Bar Bus (Mag),1,2,-1.00E+07,1.00E+07,-1.00E+07,1.00E+07,-1.00E+07,1.00E+07,MAG,2.00E+00,0,3600,0,,,,5,0,1,0,1,,,VO,PD,1,,0,0,0,0,0
74,0,VO_0012A,VOLU:Watts Bar Bus (Phs),1,2,-1.00E+07,1.00E+07,-1.00E+07,1.00E+07,-1.00E+07,1.00E+07,MAG,2.00E+00,0,3600,0,,,,5,0,1,0,1,,,VO,PD,1,,0,0,0,0,0
75,0,VO_0013A,VOLU:Volunteer Freq        4.39453,1,2,-1.00E+07,1.00E+07,-1.00E+07,1.00E+07,-1.00E+07,1.00E+07,MAG,2.00E+00,0,3600,0,,,,5,0,1,0,1,,,VO,PD,1,,0,0,0,0,0
76,0,VO_0014A,VOLU:Bull Run (MW),1,2,-1.00E+07,1.00E+07,-1.00E+07,1.00E+07,-1.00E+07,1.00E+07,MAG,2.00E+00,0,3600,0,,,,5,0,1,0,1,,,VO,PD,1,,0,0,0,0,0
77,0,VO_0015A,VOLU:Bull Run (MVAR),1,2,-1.00E+07,1.00E+07,-1.00E+07,1.00E+07,-1.00E+07,1.00E+07,MAG,2.00E+00,0,3600,0,,,,5,0,1,0,1,,,VO,PD,1,,0,0,0,0,0
78,0,VO_0016A,VOLU:Phillips Bend (MW),1,2,-1.00E+07,1.00E+07,-1.00E+07,1.00E+07,-1.00E+07,1.00E+07,MAG,2.00E+00,0,3600,0,,,,5,0,1,0,1,,,VO,PD,1,,0,0,0,0,0
79,0,VO_0017A,VOLU:Phillips Bend (MVAR),1,2,-1.00E+07,1.00E+07,-1.00E+07,1.00E+07,-1.00E+07,1.00E+07,MAG,2.00E+00,0,3600,0,,,,5,0,1,0,1,,,VO,PD,1,,0,0,0,0,0
80,0,VO_0018A,VOLU:Watts Bar (MW),1,2,-1.00E+07,1.00E+07,-1.00E+07,1.00E+07,-1.00E+07,1.00E+07,MAG,2.00E+00,0,3600,0,,,,5,0,1,0,1,,,VO,PD,1,,0,0,0,0,0
81,0,VO_0019A,VOLU:Watts Bar (MVAR),1,2,-1.00E+07,1.00E+07,-1.00E+07,1.00E+07,-1.00E+07,1.00E+07,MAG,2.00E+00,0,3600,0,,,,5,0,1,0,1,,,VO,PD,1,,0,0,0,0,0
82,0,VO_0020A,VOLU:Watts Bar Bus (MW),1,2,-1.00E+07,1.00E+07,-1.00E+07,1.00E+07,-1.00E+07,1.00E+07,MAG,2.00E+00,0,3600,0,,,,5,0,1,0,1,,,VO,PD,1,,0,0,0,0,0
83,0,VO_0021A,VOLU:Watts Bar Bus (MVAR),1,2,-1.00E+07,1.00E+07,-1.00E+07,1.00E+07,-1.00E+07,1.00E+07,MAG,2.00E+00,0,3600,0,,,,5,0,1,0,1,,,VO,PD,1,,0,0,0,0,0
84,1,VO_0001D,VOLU:Channel Flag (H),1,,,,,,,,,,,3600,0,SET,CLEAR,0,5,0,1,0,1,,,VO,PD,1,,0,0,0,0,0
85,1,VO_0002D,VOLU:Channel Flag (L),1,,,,,,,,,,,3600,0,SET,CLEAR,0,5,0,1,0,1,,,VO,PD,1,,0,0,0,0,0
86,1,VO_0003D,VOLU:PMU 0 Status Bytes,1,,,,,,,,,,,3600,0,SET,CLEAR,0,5,0,1,0,1,,,VO,PD,1,,0,0,0,0,0
87,1,VO_0004D,VOLU:Digital 0,1,,,,,,,,,,,3600,0,SET,CLEAR,0,5,0,1,0,1,,,VO,PD,1,,0,0,0,0,0
88,1,VO_0005D,VOLU:Digital 1,1,,,,,,,,,,,3600,0,SET,CLEAR,0,5,0,1,0,1,,,VO,PD,1,,0,0,0,0,0
89,0,SU_0001A,SUMM:Summer Shade Bus 1 (Mag),1,2,-1.00E+07,1.00E+07,-1.00E+07,1.00E+07,-1.00E+07,1.00E+07,MAG,2.00E+00,0,3600,0,,,,5,0,1,0,1,,,SU,PD,1,,0,0,0,0,0
90,0,SU_0002A,SUMM:Summer Shade Bus 1 (Phs),1,2,-1.00E+07,1.00E+07,-1.00E+07,1.00E+07,-1.00E+07,1.00E+07,MAG,2.00E+00,0,3600,0,,,,5,0,1,0,1,,,SU,PD,1,,0,0,0,0,0
91,0,SU_0003A,SUMM:Summer Shade Bus 2 (Mag),1,2,-1.00E+07,1.00E+07,-1.00E+07,1.00E+07,-1.00E+07,1.00E+07,MAG,2.00E+00,0,3600,0,,,,5,0,1,0,1,,,SU,PD,1,,0,0,0,0,0
92,0,SU_0004A,SUMM:Summer Shade Bus 2 (Phs),1,2,-1.00E+07,1.00E+07,-1.00E+07,1.00E+07,-1.00E+07,1.00E+07,MAG,2.00E+00,0,3600,0,,,,5,0,1,0,1,,,SU,PD,1,,0,0,0,0,0
93,0,SU_0005A,SUMM:Bullitt Co (Mag),1,2,-1.00E+07,1.00E+07,-1.00E+07,1.00E+07,-1.00E+07,1.00E+07,MAG,2.00E+00,0,3600,0,,,,5,0,1,0,1,,,SU,PD,1,,0,0,0,0,0
94,0,SU_0006A,SUMM:Bullitt Co (Phs),1,2,-1.00E+07,1.00E+07,-1.00E+07,1.00E+07,-1.00E+07,1.00E+07,MAG,2.00E+00,0,3600,0,,,,5,0,1,0,1,,,SU,PD,1,,0,0,0,0,0
95,0,SU_0007A,SUMM:Summer Shade (Mag),1,2,-1.00E+07,1.00E+07,-1.00E+07,1.00E+07,-1.00E+07,1.00E+07,MAG,2.00E+00,0,3600,0,,,,5,0,1,0,1,,,SU,PD,1,,0,0,0,0,0
96,0,SU_0008A,SUMM:Summer Shade (Phs),1,2,-1.00E+07,1.00E+07,-1.00E+07,1.00E+07,-1.00E+07,1.00E+07,MAG,2.00E+00,0,3600,0,,,,5,0,1,0,1,,,SU,PD,1,,0,0,0,0,0
97,0,SU_0009A,SUMM:Paddys run (Mag),1,2,-1.00E+07,1.00E+07,-1.00E+07,1.00E+07,-1.00E+07,1.00E+07,MAG,2.00E+00,0,3600,0,,,,5,0,1,0,1,,,SU,PD,1,,0,0,0,0,0
98,0,SU_0010A,SUMM:Paddys run (Phs),1,2,-1.00E+07,1.00E+07,-1.00E+07,1.00E+07,-1.00E+07,1.00E+07,MAG,2.00E+00,0,3600,0,,,,5,0,1,0,1,,,SU,PD,1,,0,0,0,0,0
99,0,SU_0011A,SUMM:Paddys run1 (Mag),1,2,-1.00E+07,1.00E+07,-1.00E+07,1.00E+07,-1.00E+07,1.00E+07,MAG,2.00E+00,0,3600,0,,,,5,0,1,0,1,,,SU,PD,1,,0,0,0,0,0
100,0,SU_0012A,SUMM:Paddys run1 (Phs),1,2,-1.00E+07,1.00E+07,-1.00E+07,1.00E+07,-1.00E+07,1.00E+07,MAG,2.00E+00,0,3600,0,,,,5,0,1,0,1,,,SU,PD,1,,0,0,0,0,0
101,0,SU_0013A,SUMM:Summer Freq,1,2,-1.00E+07,1.00E+07,-1.00E+07,1.00E+07,-1.00E+07,1.00E+07,MAG,2.00E+00,0,3600,0,,,,5,0,1,0,1,,,SU,PD,1,,0,0,0,0,0
102,0,SU_0014A,SUMM:Bullitt Co (MW),1,2,-1.00E+07,1.00E+07,-1.00E+07,1.00E+07,-1.00E+07,1.00E+07,MAG,2.00E+00,0,3600,0,,,,5,0,1,0,1,,,SU,PD,1,,0,0,0,0,0
103,0,SU_0015A,SUMM:Bullitt Co (MVAR),1,2,-1.00E+07,1.00E+07,-1.00E+07,1.00E+07,-1.00E+07,1.00E+07,MAG,2.00E+00,0,3600,0,,,,5,0,1,0,1,,,SU,PD,1,,0,0,0,0,0
104,0,SU_0016A,SUMM:Summer Shade (MW),1,2,-1.00E+07,1.00E+07,-1.00E+07,1.00E+07,-1.00E+07,1.00E+07,MAG,2.00E+00,0,3600,0,,,,5,0,1,0,1,,,SU,PD,1,,0,0,0,0,0
105,0,SU_0017A,SUMM:Summer Shade (MVAR),1,2,-1.00E+07,1.00E+07,-1.00E+07,1.00E+07,-1.00E+07,1.00E+07,MAG,2.00E+00,0,3600,0,,,,5,0,1,0,1,,,SU,PD,1,,0,0,0,0,0
106,0,SU_0018A,SUMM:Paddys run (MW),1,2,-1.00E+07,1.00E+07,-1.00E+07,1.00E+07,-1.00E+07,1.00E+07,MAG,2.00E+00,0,3600,0,,,,5,0,1,0,1,,,SU,PD,1,,0,0,0,0,0
107,0,SU_0019A,SUMM:Paddys run (MVAR),1,2,-1.00E+07,1.00E+07,-1.00E+07,1.00E+07,-1.00E+07,1.00E+07,MAG,2.00E+00,0,3600,0,,,,5,0,1,0,1,,,SU,PD,1,,0,0,0,0,0
108,0,SU_0020A,SUMM:Paddys run1 (MW),1,2,-1.00E+07,1.00E+07,-1.00E+07,1.00E+07,-1.00E+07,1.00E+07,MAG,2.00E+00,0,3600,0,,,,5,0,1,0,1,,,SU,PD,1,,0,0,0,0,0
109,0,SU_0021A,SUMM:Paddys run1 (MVAR),1,2,-1.00E+07,1.00E+07,-1.00E+07,1.00E+07,-1.00E+07,1.00E+07,MAG,2.00E+00,0,3600,0,,,,5,0,1,0,1,,,SU,PD,1,,0,0,0,0,0
110,1,SU_0001D,SUMM:Channel Flag (H),1,,,,,,,,,,,3600,0,SET,CLEAR,0,5,0,1,0,1,,,SU,PD,1,,0,0,0,0,0
111,1,SU_0002D,SUMM:Channel Flag (L),1,,,,,,,,,,,3600,0,SET,CLEAR,0,5,0,1,0,1,,,SU,PD,1,,0,0,0,0,0
112,1,SU_0003D,SUMM:PMU 0 Status Bytes,1,,,,,,,,,,,3600,0,SET,CLEAR,0,5,0,1,0,1,,,SU,PD,1,,0,0,0,0,0
113,0,CR_0001A,CORX:Orange Bus 1 Voltage (Mag),1,2,-1.00E+07,1.00E+07,-1.00E+07,1.00E+07,-1.00E+07,1.00E+07,MAG,2.00E+00,0,3600,0,,,,5,0,1,0,1,,,CR,PD,1,,0,0,0,0,0
114,0,CR_0002A,CORX:Orange Bus 1 Voltage (Phs),1,2,-1.00E+07,1.00E+07,-1.00E+07,1.00E+07,-1.00E+07,1.00E+07,MAG,2.00E+00,0,3600,0,,,,5,0,1,0,1,,,CR,PD,1,,0,0,0,0,0
115,0,CR_0003A,CORX:Orange Bus 2 Voltage (Mag),1,2,-1.00E+07,1.00E+07,-1.00E+07,1.00E+07,-1.00E+07,1.00E+07,MAG,2.00E+00,0,3600,0,,,,5,0,1,0,1,,,CR,PD,1,,0,0,0,0,0
116,0,CR_0004A,CORX:Orange Bus 2 Voltage (Phs),1,2,-1.00E+07,1.00E+07,-1.00E+07,1.00E+07,-1.00E+07,1.00E+07,MAG,2.00E+00,0,3600,0,,,,5,0,1,0,1,,,CR,PD,1,,0,0,0,0,0
117,0,CR_0005A,CORX:TR#1 Current (Mag),1,2,-1.00E+07,1.00E+07,-1.00E+07,1.00E+07,-1.00E+07,1.00E+07,MAG,2.00E+00,0,3600,0,,,,5,0,1,0,1,,,CR,PD,1,,0,0,0,0,0
118,0,CR_0006A,CORX:TR#1 Current (Phs),1,2,-1.00E+07,1.00E+07,-1.00E+07,1.00E+07,-1.00E+07,1.00E+07,MAG,2.00E+00,0,3600,0,,,,5,0,1,0,1,,,CR,PD,1,,0,0,0,0,0
119,0,CR_0007A,CORX:Not connected (Mag),1,2,-1.00E+07,1.00E+07,-1.00E+07,1.00E+07,-1.00E+07,1.00E+07,MAG,2.00E+00,0,3600,0,,,,5,0,1,0,1,,,CR,PD,1,,0,0,0,0,0
120,0,CR_0008A,CORX:Not connected (Phs),1,2,-1.00E+07,1.00E+07,-1.00E+07,1.00E+07,-1.00E+07,1.00E+07,MAG,2.00E+00,0,3600,0,,,,5,0,1,0,1,,,CR,PD,1,,0,0,0,0,0
121,0,CR_0009A,CORX:Breaker D CT (Mag),1,2,-1.00E+07,1.00E+07,-1.00E+07,1.00E+07,-1.00E+07,1.00E+07,MAG,2.00E+00,0,3600,0,,,,5,0,1,0,1,,,CR,PD,1,,0,0,0,0,0
122,0,CR_0010A,CORX:Breaker D CT (Phs),1,2,-1.00E+07,1.00E+07,-1.00E+07,1.00E+07,-1.00E+07,1.00E+07,MAG,2.00E+00,0,3600,0,,,,5,0,1,0,1,,,CR,PD,1,,0,0,0,0,0
123,0,CR_0011A,CORX:Marysville line CT (Mag),1,2,-1.00E+07,1.00E+07,-1.00E+07,1.00E+07,-1.00E+07,1.00E+07,MAG,2.00E+00,0,3600,0,,,,5,0,1,0,1,,,CR,PD,1,,0,0,0,0,0
124,0,CR_0012A,CORX:Marysville line CT (Phs),1,2,-1.00E+07,1.00E+07,-1.00E+07,1.00E+07,-1.00E+07,1.00E+07,MAG,2.00E+00,0,3600,0,,,,5,0,1,0,1,,,CR,PD,1,,0,0,0,0,0
125,0,CR_0013A,CORX:Cordova Freq,1,2,-1.00E+07,1.00E+07,-1.00E+07,1.00E+07,-1.00E+07,1.00E+07,MAG,2.00E+00,0,3600,0,,,,5,0,1,0,1,,,CR,PD,1,,0,0,0,0,0
126,0,CR_0014A,CORX:TR#1 Current (MW),1,2,-1.00E+07,1.00E+07,-1.00E+07,1.00E+07,-1.00E+07,1.00E+07,MAG,2.00E+00,0,3600,0,,,,5,0,1,0,1,,,CR,PD,1,,0,0,0,0,0
127,0,CR_0015A,CORX:TR#1 Current (MVAR),1,2,-1.00E+07,1.00E+07,-1.00E+07,1.00E+07,-1.00E+07,1.00E+07,MAG,2.00E+00,0,3600,0,,,,5,0,1,0,1,,,CR,PD,1,,0,0,0,0,0
128,0,CR_0016A,CORX:Not connected (MW),1,2,-1.00E+07,1.00E+07,-1.00E+07,1.00E+07,-1.00E+07,1.00E+07,MAG,2.00E+00,0,3600,0,,,,5,0,1,0,1,,,CR,PD,1,,0,0,0,0,0
129,0,CR_0017A,CORX:Not connected (MVAR),1,2,-1.00E+07,1.00E+07,-1.00E+07,1.00E+07,-1.00E+07,1.00E+07,MAG,2.00E+00,0,3600,0,,,,5,0,1,0,1,,,CR,PD,1,,0,0,0,0,0
130,0,CR_0018A,CORX:Breaker D CT (MW),1,2,-1.00E+07,1.00E+07,-1.00E+07,1.00E+07,-1.00E+07,1.00E+07,MAG,2.00E+00,0,3600,0,,,,5,0,1,0,1,,,CR,PD,1,,0,0,0,0,0
131,0,CR_0019A,CORX:Breaker D CT (MVAR),1,2,-1.00E+07,1.00E+07,-1.00E+07,1.00E+07,-1.00E+07,1.00E+07,MAG,2.00E+00,0,3600,0,,,,5,0,1,0,1,,,CR,PD,1,,0,0,0,0,0
132,0,CR_0020A,CORX:Marysville line CT (MW),1,2,-1.00E+07,1.00E+07,-1.00E+07,1.00E+07,-1.00E+07,1.00E+07,MAG,2.00E+00,0,3600,0,,,,5,0,1,0,1,,,CR,PD,1,,0,0,0,0,0
133,0,CR_0021A,CORX:Marysville line CT (MVAR),1,2,-1.00E+07,1.00E+07,-1.00E+07,1.00E+07,-1.00E+07,1.00E+07,MAG,2.00E+00,0,3600,0,,,,5,0,1,0,1,,,CR,PD,1,,0,0,0,0,0
134,1,CR_0001D,CORX:Channel Flag (H),1,,,,,,,,,,,3600,0,SET,CLEAR,0,5,0,1,0,1,,,CR,PD,1,,0,0,0,0,0
135,1,CR_0002D,CORX:Channel Flag (L),1,,,,,,,,,,,3600,0,SET,CLEAR,0,5,0,1,0,1,,,CR,PD,1,,0,0,0,0,0
136,1,CR_0003D,CORX:PMU 0 Status Bytes,1,,,,,,,,,,,3600,0,SET,CLEAR,0,5,0,1,0,1,,,CR,PD,1,,0,0,0,0,0
137,1,CR_0004D,CORX:Digital 0,1,,,,,,,,,,,3600,0,SET,CLEAR,0,5,0,1,0,1,,,CR,PD,1,,0,0,0,0,0
138,1,CR_0005D,CORX:Digital 1,1,,,,,,,,,,,3600,0,SET,CLEAR,0,5,0,1,0,1,,,CR,PD,1,,0,0,0,0,0
